https://cursos.alura.com.br/forum/subcategoria-multiplataforma/sem-resposta/1,Multiplataforma
https://cursos.alura.com.br/forum/subcategoria-flutter-mobile/sem-resposta/1,Flutter
https://cursos.alura.com.br/forum/subcategoria-android/sem-resposta/1,Android
https://cursos.alura.com.br/forum/subcategoria-ios/sem-resposta/1,iOS
https://cursos.alura.com.br/forum/subcategoria-jogos/sem-resposta/1,Jogos
https://cursos.alura.com.br/forum/subcategoria-logica-de-programacao/sem-resposta/1,Lógica de programação
https://cursos.alura.com.br/forum/subcategoria-python/sem-resposta/1,Python
https://cursos.alura.com.br/forum/subcategoria-node-js/sem-resposta/1,Node.JS
https://cursos.alura.com.br/forum/subcategoria-python-web/sem-resposta/1,Python web
https://cursos.alura.com.br/forum/subcategoria-java-para-web/sem-resposta/1,Java para Web
https://cursos.alura.com.br/forum/subcategoria-java/sem-resposta/1,Java
https://cursos.alura.com.br/forum/subcategoria-java-e-persistencia/sem-resposta/1,Java e persistência
https://cursos.alura.com.br/forum/subcategoria-java-api/sem-resposta/1,Java API
https://cursos.alura.com.br/forum/subcategoria-kotlin/sem-resposta/1,Kotlin
https://cursos.alura.com.br/forum/subcategoria-testes-em-java/sem-resposta/1,Testes em Java
https://cursos.alura.com.br/forum/subcategoria-boas-praticas-em-java/sem-resposta/1,Boas práticas em Java
https://cursos.alura.com.br/forum/subcategoria-certificacao-java/sem-resposta/1,Certificação Java
https://cursos.alura.com.br/forum/subcategoria-csharp/sem-resposta/1,C#
https://cursos.alura.com.br/forum/subcategoria-dotnet-para-web/sem-resposta/1,.NET para web
https://cursos.alura.com.br/forum/subcategoria-persistencia-com-net/sem-resposta/1,Persistência com .NET
https://cursos.alura.com.br/forum/subcategoria-net-api/sem-resposta/1,.NET API
https://cursos.alura.com.br/forum/subcategoria-testes-em-csharp/sem-resposta/1,Testes em C#
https://cursos.alura.com.br/forum/subcategoria-boas-praticas-csharp/sem-resposta/1,Boas práticas em C#
https://cursos.alura.com.br/forum/subcategoria-certificacao-csharp/sem-resposta/1,Certificação C#
https://cursos.alura.com.br/forum/subcategoria-vb-net/sem-resposta/1,VB.NET
https://cursos.alura.com.br/forum/subcategoria-php/sem-resposta/1,PHP
https://cursos.alura.com.br/forum/subcategoria-php-web/sem-resposta/1,PHP para web
https://cursos.alura.com.br/forum/subcategoria-php-persistencia/sem-resposta/1,Persistência em PHP
https://cursos.alura.com.br/forum/subcategoria-php-api/sem-resposta/1,PHP API
https://cursos.alura.com.br/forum/subcategoria-boas-praticas-em-php/sem-resposta/1,Boas práticas em PHP
https://cursos.alura.com.br/forum/subcategoria-ruby/sem-resposta/1,Ruby
https://cursos.alura.com.br/forum/subcategoria-ruby-on-rails/sem-resposta/1,Ruby on Rails
https://cursos.alura.com.br/forum/subcategoria-desenvolvimento-de-jogos/sem-resposta/1,Desenvolvimento de jogos
https://cursos.alura.com.br/forum/subcategoria-clojure/sem-resposta/1,Clojure
https://cursos.alura.com.br/forum/subcategoria-golang/sem-resposta/1,GoLang
https://cursos.alura.com.br/forum/subcategoria-linguagem-c/sem-resposta/1,Linguagem C e C++
https://cursos.alura.com.br/forum/subcategoria-computacao/sem-resposta/1,Computação
https://cursos.alura.com.br/forum/subcategoria-cobol/sem-resposta/1,Cobol e ABAP
https://cursos.alura.com.br/forum/subcategoria-html-css/sem-resposta/1,HTML e CSS
https://cursos.alura.com.br/forum/subcategoria-reactjs/sem-resposta/1,React
https://cursos.alura.com.br/forum/subcategoria-angular/sem-resposta/1,Angular
https://cursos.alura.com.br/forum/subcategoria-javascript/sem-resposta/1,JavaScript
https://cursos.alura.com.br/forum/subcategoria-frameworks-mvc-em-javascript/sem-resposta/1,Frameworks MVC
https://cursos.alura.com.br/forum/subcategoria-automacao-front-end/sem-resposta/1,Automação e Performance
https://cursos.alura.com.br/forum/subcategoria-jquery/sem-resposta/1,jQuery
https://cursos.alura.com.br/forum/subcategoria-wordpress/sem-resposta/1,WordPress
https://cursos.alura.com.br/forum/subcategoria-linux-comandos-e-processos/sem-resposta/1,Linux
https://cursos.alura.com.br/forum/subcategoria-google-cloud-platform/sem-resposta/1,Google Cloud Platform
https://cursos.alura.com.br/forum/subcategoria-seguranca/sem-resposta/1,Segurança
https://cursos.alura.com.br/forum/subcategoria-containers/sem-resposta/1,Containers
https://cursos.alura.com.br/forum/subcategoria-infraestrutura-como-codigo/sem-resposta/1,Infraestrutura como Código
https://cursos.alura.com.br/forum/subcategoria-build-e-versionamento/sem-resposta/1,Builds e Controle de versão
https://cursos.alura.com.br/forum/subcategoria-cloud-computing/sem-resposta/1,Cloud Computing
https://cursos.alura.com.br/forum/subcategoria-entrega-continua/sem-resposta/1,Entrega Contínua
https://cursos.alura.com.br/forum/subcategoria-mensageria-streams/sem-resposta/1,Mensageria/Streams
https://cursos.alura.com.br/forum/subcategoria-internet-das-coisas/sem-resposta/1,Internet das coisas
https://cursos.alura.com.br/forum/subcategoria-embarcados/sem-resposta/1,Embarcados e Robótica
https://cursos.alura.com.br/forum/subcategoria-redes/sem-resposta/1,Redes
https://cursos.alura.com.br/forum/subcategoria-ccna-exame-100-105/sem-resposta/1,CCNA exame 100-105
https://cursos.alura.com.br/forum/subcategoria-windows/sem-resposta/1,Windows
https://cursos.alura.com.br/forum/subcategoria-user-interface/sem-resposta/1,UI - User Interface
https://cursos.alura.com.br/forum/subcategoria-ux/sem-resposta/1,UX - User Experience
https://cursos.alura.com.br/forum/subcategoria-design-grafico/sem-resposta/1,Design Gráfico
https://cursos.alura.com.br/forum/subcategoria-edicao-video/sem-resposta/1,Edição de Vídeo
https://cursos.alura.com.br/forum/subcategoria-3d/sem-resposta/1,3D
https://cursos.alura.com.br/forum/subcategoria-motion/sem-resposta/1,Motion Design
https://cursos.alura.com.br/forum/subcategoria-design-de-jogos/sem-resposta/1,Design de Jogos
https://cursos.alura.com.br/forum/subcategoria-design-ilustracao/sem-resposta/1,Design de Ilustração
https://cursos.alura.com.br/forum/subcategoria-pintura-digital/sem-resposta/1,Pintura Digital
https://cursos.alura.com.br/forum/subcategoria-fotografia/sem-resposta/1,Fotografia
https://cursos.alura.com.br/forum/subcategoria-producao-de-audio/sem-resposta/1,Produção e Pós-produção de Áudio
https://cursos.alura.com.br/forum/subcategoria-sql/sem-resposta/1,SQL e Banco de Dados
https://cursos.alura.com.br/forum/subcategoria-engenharia-de-dados/sem-resposta/1,Engenharia de Dados
https://cursos.alura.com.br/forum/subcategoria-data-science/sem-resposta/1,Data Science
https://cursos.alura.com.br/forum/subcategoria-data-visualization/sem-resposta/1,Data Visualization
https://cursos.alura.com.br/forum/subcategoria-machine-learning/sem-resposta/1,Machine Learning
https://cursos.alura.com.br/forum/subcategoria-excel/sem-resposta/1,Excel
https://cursos.alura.com.br/forum/subcategoria-business-intelligence/sem-resposta/1,Business Intelligence
https://cursos.alura.com.br/forum/subcategoria-nosql/sem-resposta/1,NoSQL
https://cursos.alura.com.br/forum/subcategoria-matematica/sem-resposta/1,Matemática
https://cursos.alura.com.br/forum/subcategoria-estatistica/sem-resposta/1,Estatística
https://cursos.alura.com.br/forum/subcategoria-marketing/sem-resposta/1,Marketing
https://cursos.alura.com.br/forum/subcategoria-seo/sem-resposta/1,SEO
https://cursos.alura.com.br/forum/subcategoria-midia-paga/sem-resposta/1,Mídia Paga
https://cursos.alura.com.br/forum/subcategoria-conteudo/sem-resposta/1,Conteúdo
https://cursos.alura.com.br/forum/subcategoria-social-media/sem-resposta/1,Social Media
https://cursos.alura.com.br/forum/subcategoria-marketing-analytics/sem-resposta/1,Marketing Analytics
https://cursos.alura.com.br/forum/subcategoria-youtube/sem-resposta/1,YouTube
https://cursos.alura.com.br/forum/subcategoria-metodos-ageis/sem-resposta/1,Métodos Ágeis
https://cursos.alura.com.br/forum/subcategoria-gestao-estrategica/sem-resposta/1,Gestão Estratégica
https://cursos.alura.com.br/forum/subcategoria-gestao-agil/sem-resposta/1,Gestão Ágil
https://cursos.alura.com.br/forum/subcategoria-transformacao-agil/sem-resposta/1,Transformação Ágil
https://cursos.alura.com.br/forum/subcategoria-negociacao-comunicacao/sem-resposta/1,Negociação e Comunicação
https://cursos.alura.com.br/forum/subcategoria-produtividade-qualidade-vida/sem-resposta/1,Produtividade e Qualidade de Vida
https://cursos.alura.com.br/forum/subcategoria-governanca-organizacional/sem-resposta/1,Governança Organizacional
https://cursos.alura.com.br/forum/subcategoria-e-commerce/sem-resposta/1,E-commerce
https://cursos.alura.com.br/forum/subcategoria-gestao-qualidade/sem-resposta/1,Gestão da Qualidade
https://cursos.alura.com.br/forum/subcategoria-lideranca-gestao-equipes/sem-resposta/1,Liderança e Gestão de Equipes
https://cursos.alura.com.br/forum/subcategoria-habilidades-interpessoais/sem-resposta/1,Habilidades Interpessoais
https://cursos.alura.com.br/forum/subcategoria-ferramentas-apoio-gestao/sem-resposta/1,Ferramentas de Apoio à Gestão
https://cursos.alura.com.br/forum/subcategoria-certificacao-pmp-capm/sem-resposta/1,Certificação PMP e CAPM
https://cursos.alura.com.br/forum/subcategoria-certificacao-itil-foundation/sem-resposta/1,Certificação ITIL Foundation v3
https://cursos.alura.com.br/forum/subcategoria-certificacao-itil-foudation-4/sem-resposta/1,Certificação ITIL Foundation 4
https://cursos.alura.com.br/forum/subcategoria-cobit-5-foundations/sem-resposta/1,COBIT 5 Foundations
https://cursos.alura.com.br/forum/subcategoria-modelagem-processos-negocios/sem-resposta/1,Modelagem e Processos de Negócios
https://cursos.alura.com.br/forum/subcategoria-gestao-de-produtos/sem-resposta/1,Gestão de Produtos
https://cursos.alura.com.br/forum/subcategoria-startup-empreendedorismo/sem-resposta/1,Startups e Empreendedorismo
https://cursos.alura.com.br/forum/subcategoria-vendas/sem-resposta/1,Vendas
https://cursos.alura.com.br/forum/subcategoria-praticas-gestao-waterfall-hibridas/sem-resposta/1,Práticas de Gestão - Waterfall & Híbridas
https://cursos.alura.com.br/forum/subcategoria-marketing-pessoal/sem-resposta/1,Marketing Pessoal
https://cursos.alura.com.br/forum/subcategoria-conformidade-legal/sem-resposta/1,Conformidade Legal
https://cursos.alura.com.br/forum/subcategoria-certificacoes-anbima/sem-resposta/1,Certificações ANBIMA
